timestamp,name,team,amount
2023-12-13 23:52:06.811332,Silithur,Panpots,708886
2023-12-13 23:52:06.811332,renniesaurus,Mendo,703130
2023-12-13 23:52:06.811332,imPheetus,Welyn,303706
2023-12-13 23:52:27.028376,Silithur,Panpots,708886
2023-12-13 23:52:27.028376,renniesaurus,Mendo,703130
2023-12-13 23:52:27.028376,imPheetus,Welyn,303706
2023-12-13 23:52:47.255755,Silithur,Panpots,708886
2023-12-13 23:52:47.255755,renniesaurus,Mendo,703130
2023-12-13 23:52:47.255755,imPheetus,Welyn,303706
2023-12-13 23:53:07.439605,Silithur,Panpots,708886
2023-12-13 23:53:07.439605,renniesaurus,Mendo,703130
2023-12-13 23:53:07.439605,imPheetus,Welyn,303706
2023-12-13 23:53:27.656318,Silithur,Panpots,708886
2023-12-13 23:53:27.656318,renniesaurus,Mendo,703130
2023-12-13 23:53:27.656318,imPheetus,Welyn,303706
2023-12-13 23:53:47.895962,Silithur,Panpots,708886
2023-12-13 23:53:47.895962,renniesaurus,Mendo,703130
2023-12-13 23:53:47.895962,imPheetus,Welyn,303706
2023-12-13 23:54:08.131043,Silithur,Panpots,708886
2023-12-13 23:54:08.131043,renniesaurus,Mendo,703130
2023-12-13 23:54:08.131043,imPheetus,Welyn,303706
2023-12-13 23:54:28.355347,Silithur,Panpots,708886
2023-12-13 23:54:28.355347,renniesaurus,Mendo,703130
2023-12-13 23:54:28.355347,imPheetus,Welyn,303706
2023-12-13 23:54:48.572939,Silithur,Panpots,708886
2023-12-13 23:54:48.572939,renniesaurus,Mendo,703130
2023-12-13 23:54:48.572939,imPheetus,Welyn,303706
2023-12-13 23:55:08.787187,Silithur,Panpots,708886
2023-12-13 23:55:08.787187,renniesaurus,Mendo,703130
2023-12-13 23:55:08.787187,imPheetus,Welyn,303706
2023-12-13 23:55:29.024734,Silithur,Panpots,708886
2023-12-13 23:55:29.024734,renniesaurus,Mendo,703130
2023-12-13 23:55:29.024734,imPheetus,Welyn,303706
2023-12-13 23:55:49.263911,Silithur,Panpots,708886
2023-12-13 23:55:49.263911,renniesaurus,Mendo,703130
2023-12-13 23:55:49.263911,imPheetus,Welyn,303706
2023-12-13 23:56:09.498408,Silithur,Panpots,708886
2023-12-13 23:56:09.498408,renniesaurus,Mendo,703130
2023-12-13 23:56:09.498408,imPheetus,Welyn,303706
2023-12-13 23:56:29.709462,Silithur,Panpots,708886
2023-12-13 23:56:29.709462,renniesaurus,Mendo,703130
2023-12-13 23:56:29.709462,imPheetus,Welyn,303706
2023-12-13 23:56:49.901981,Silithur,Panpots,708886
2023-12-13 23:56:49.901981,renniesaurus,Mendo,703130
2023-12-13 23:56:49.901981,imPheetus,Welyn,303706
2023-12-13 23:57:10.107679,Silithur,Panpots,708886
2023-12-13 23:57:10.107679,renniesaurus,Mendo,703130
2023-12-13 23:57:10.107679,imPheetus,Welyn,303706
2023-12-13 23:57:30.332535,Silithur,Panpots,708886
2023-12-13 23:57:30.332535,renniesaurus,Mendo,703130
2023-12-13 23:57:30.332535,imPheetus,Welyn,303706
2023-12-13 23:57:50.539765,Silithur,Panpots,708886
2023-12-13 23:57:50.539765,renniesaurus,Mendo,703130
2023-12-13 23:57:50.539765,imPheetus,Welyn,303706
2023-12-13 23:58:10.756076,Silithur,Panpots,708886
2023-12-13 23:58:10.756076,renniesaurus,Mendo,703130
2023-12-13 23:58:10.756076,imPheetus,Welyn,303706
2023-12-13 23:58:30.975135,Silithur,Panpots,708886
2023-12-13 23:58:30.975135,renniesaurus,Mendo,703130
2023-12-13 23:58:30.975135,imPheetus,Welyn,303706
2023-12-13 23:58:51.157798,Silithur,Panpots,708886
2023-12-13 23:58:51.157798,renniesaurus,Mendo,703130
2023-12-13 23:58:51.157798,imPheetus,Welyn,303706
2023-12-13 23:59:11.348429,Silithur,Panpots,708886
2023-12-13 23:59:11.348429,renniesaurus,Mendo,703130
2023-12-13 23:59:11.348429,imPheetus,Welyn,303706
2023-12-13 23:59:31.619542,Silithur,Panpots,708886
2023-12-13 23:59:31.619542,renniesaurus,Mendo,703130
2023-12-13 23:59:31.619542,imPheetus,Welyn,303706
2023-12-13 23:59:51.829739,Silithur,Panpots,708886
2023-12-13 23:59:51.829739,renniesaurus,Mendo,703130
2023-12-13 23:59:51.829739,imPheetus,Welyn,303706
2023-12-14 00:00:12.050375,Silithur,Panpots,708886
2023-12-14 00:00:12.050375,renniesaurus,Mendo,703130
2023-12-14 00:00:12.050375,imPheetus,Welyn,303706
2023-12-14 00:00:32.324814,Silithur,Panpots,708886
2023-12-14 00:00:32.324814,renniesaurus,Mendo,703130
2023-12-14 00:00:32.324814,imPheetus,Welyn,303706
2023-12-14 00:00:52.511320,Silithur,Panpots,708886
2023-12-14 00:00:52.511320,renniesaurus,Mendo,703130
2023-12-14 00:00:52.511320,imPheetus,Welyn,303706
2023-12-14 00:01:12.700629,Silithur,Panpots,708886
2023-12-14 00:01:12.700629,renniesaurus,Mendo,703130
2023-12-14 00:01:12.700629,imPheetus,Welyn,303706
2023-12-14 00:01:32.912010,Silithur,Panpots,708886
2023-12-14 00:01:32.912010,renniesaurus,Mendo,703130
2023-12-14 00:01:32.912010,imPheetus,Welyn,303706
2023-12-14 00:01:53.106293,Silithur,Panpots,708886
2023-12-14 00:01:53.106293,renniesaurus,Mendo,703130
2023-12-14 00:01:53.106293,imPheetus,Welyn,311624
2023-12-14 00:02:13.301904,Silithur,Panpots,708886
2023-12-14 00:02:13.301904,renniesaurus,Mendo,703130
2023-12-14 00:02:13.301904,imPheetus,Welyn,325194
2023-12-14 00:02:33.499862,Silithur,Panpots,708886
2023-12-14 00:02:33.499862,renniesaurus,Mendo,703130
2023-12-14 00:02:33.499862,imPheetus,Welyn,325194
2023-12-14 00:02:53.750145,Silithur,Panpots,708886
2023-12-14 00:02:53.750145,renniesaurus,Mendo,703130
2023-12-14 00:02:53.750145,imPheetus,Welyn,330864
2023-12-14 00:03:13.980104,Silithur,Panpots,708886
2023-12-14 00:03:13.980104,renniesaurus,Mendo,703130
2023-12-14 00:03:13.980104,imPheetus,Welyn,332016
2023-12-14 00:03:34.157708,Silithur,Panpots,708886
2023-12-14 00:03:34.157708,renniesaurus,Mendo,703130
2023-12-14 00:03:34.157708,imPheetus,Welyn,338874
2023-12-14 00:03:54.365637,Silithur,Panpots,708886
2023-12-14 00:03:54.365637,renniesaurus,Mendo,703130
2023-12-14 00:03:54.365637,imPheetus,Welyn,338874
2023-12-14 00:04:14.634007,Silithur,Panpots,708886
2023-12-14 00:04:14.634007,renniesaurus,Mendo,703130
2023-12-14 00:04:14.634007,imPheetus,Welyn,338874
2023-12-14 00:10:07.449054,Silithur,Panpots,708886
2023-12-14 00:10:07.449054,renniesaurus,Mendo,703130
2023-12-14 00:10:07.449054,imPheetus,Welyn,383290
2023-12-14 00:10:27.638880,Silithur,Panpots,708886
2023-12-14 00:10:27.638880,renniesaurus,Mendo,703130
2023-12-14 00:10:27.638880,imPheetus,Welyn,383290
2023-12-14 00:10:47.845138,Silithur,Panpots,708886
2023-12-14 00:10:47.845138,renniesaurus,Mendo,703130
2023-12-14 00:10:47.845138,imPheetus,Welyn,383290
2023-12-14 00:11:08.069470,Silithur,Panpots,708886
2023-12-14 00:11:08.069470,renniesaurus,Mendo,703130
2023-12-14 00:11:08.069470,imPheetus,Welyn,386710
2023-12-14 00:11:28.269055,Silithur,Panpots,708886
2023-12-14 00:11:28.269055,renniesaurus,Mendo,703130
2023-12-14 00:11:28.269055,imPheetus,Welyn,390112
2023-12-14 00:11:48.452122,Silithur,Panpots,708886
2023-12-14 00:11:48.452122,renniesaurus,Mendo,703130
2023-12-14 00:11:48.452122,imPheetus,Welyn,390112
2023-12-14 00:12:08.641224,Silithur,Panpots,708886
2023-12-14 00:12:08.641224,renniesaurus,Mendo,703130
2023-12-14 00:12:08.641224,imPheetus,Welyn,390112
2023-12-14 00:12:28.831656,Silithur,Panpots,708886
2023-12-14 00:12:28.831656,renniesaurus,Mendo,703130
2023-12-14 00:12:28.831656,imPheetus,Welyn,390112
2023-12-14 00:12:49.027679,Silithur,Panpots,708886
2023-12-14 00:12:49.027679,renniesaurus,Mendo,703130
2023-12-14 00:12:49.027679,imPheetus,Welyn,391246
2023-12-14 00:13:09.255077,Silithur,Panpots,708886
2023-12-14 00:13:09.255077,renniesaurus,Mendo,703130
2023-12-14 00:13:09.255077,imPheetus,Welyn,395796
2023-12-14 00:15:29.095872,Silithur,Panpots,708886
2023-12-14 00:15:29.095872,renniesaurus,Mendo,703130
2023-12-14 00:15:29.095872,imPheetus,Welyn,398064
2023-12-14 00:15:49.288299,Silithur,Panpots,708886
2023-12-14 00:15:49.288299,renniesaurus,Mendo,703130
2023-12-14 00:15:49.288299,imPheetus,Welyn,398064
2023-12-14 00:16:09.507842,Silithur,Panpots,708886
2023-12-14 00:16:09.507842,renniesaurus,Mendo,703130
2023-12-14 00:16:09.507842,imPheetus,Welyn,398064
2023-12-14 00:16:29.723298,Silithur,Panpots,708886
2023-12-14 00:16:29.723298,renniesaurus,Mendo,703130
2023-12-14 00:16:29.723298,imPheetus,Welyn,398064
2023-12-14 00:16:49.911522,Silithur,Panpots,708886
2023-12-14 00:16:49.911522,renniesaurus,Mendo,703130
2023-12-14 00:16:49.911522,imPheetus,Welyn,398064
2023-12-14 00:17:10.095938,Silithur,Panpots,708886
2023-12-14 00:17:10.095938,renniesaurus,Mendo,703130
2023-12-14 00:17:10.095938,imPheetus,Welyn,398064
2023-12-14 00:17:30.382410,Silithur,Panpots,708886
2023-12-14 00:17:30.382410,renniesaurus,Mendo,703130
2023-12-14 00:17:30.382410,imPheetus,Welyn,398064
2023-12-14 00:17:50.600090,Silithur,Panpots,708886
2023-12-14 00:17:50.600090,renniesaurus,Mendo,703130
2023-12-14 00:17:50.600090,imPheetus,Welyn,398064
2023-12-14 00:18:10.819362,Silithur,Panpots,708886
2023-12-14 00:18:10.819362,renniesaurus,Mendo,703130
2023-12-14 00:18:10.819362,imPheetus,Welyn,403786
2023-12-14 00:18:31.048146,Silithur,Panpots,708886
2023-12-14 00:18:31.048146,renniesaurus,Mendo,703130
2023-12-14 00:18:31.048146,imPheetus,Welyn,404920
2023-12-14 00:18:51.233006,Silithur,Panpots,708886
2023-12-14 00:18:51.233006,renniesaurus,Mendo,703130
2023-12-14 00:18:51.233006,imPheetus,Welyn,404920
2023-12-14 00:19:11.419732,Silithur,Panpots,708886
2023-12-14 00:19:11.419732,renniesaurus,Mendo,703130
2023-12-14 00:19:11.419732,imPheetus,Welyn,404920
2023-12-14 00:19:31.611805,Silithur,Panpots,708886
2023-12-14 00:19:31.611805,renniesaurus,Mendo,703130
2023-12-14 00:19:31.611805,imPheetus,Welyn,404920
2023-12-14 00:19:51.860027,Silithur,Panpots,708886
2023-12-14 00:19:51.860027,renniesaurus,Mendo,703130
2023-12-14 00:19:51.860027,imPheetus,Welyn,404920
2023-12-14 00:20:12.044483,Silithur,Panpots,708886
2023-12-14 00:20:12.044483,renniesaurus,Mendo,703130
2023-12-14 00:20:12.044483,imPheetus,Welyn,410608
2023-12-14 00:20:32.261296,Silithur,Panpots,708886
2023-12-14 00:20:32.261296,renniesaurus,Mendo,703130
2023-12-14 00:20:32.261296,imPheetus,Welyn,410608
2023-12-14 00:20:52.485334,Silithur,Panpots,708886
2023-12-14 00:20:52.485334,renniesaurus,Mendo,703130
2023-12-14 00:20:52.485334,imPheetus,Welyn,410608
2023-12-14 00:21:12.703346,Silithur,Panpots,708886
2023-12-14 00:21:12.703346,renniesaurus,Mendo,703130
2023-12-14 00:21:12.703346,imPheetus,Welyn,410608
2023-12-14 00:21:32.950489,Silithur,Panpots,708886
2023-12-14 00:21:32.950489,renniesaurus,Mendo,703130
2023-12-14 00:21:32.950489,imPheetus,Welyn,411742
2023-12-14 00:21:53.139437,Silithur,Panpots,708886
2023-12-14 00:21:53.139437,renniesaurus,Mendo,703130
2023-12-14 00:21:53.139437,imPheetus,Welyn,411742
2023-12-14 00:22:13.328163,Silithur,Panpots,708886
2023-12-14 00:22:13.328163,renniesaurus,Mendo,703130
2023-12-14 00:22:13.328163,imPheetus,Welyn,411742
2023-12-14 00:22:33.539984,Silithur,Panpots,708886
2023-12-14 00:22:33.539984,renniesaurus,Mendo,703130
2023-12-14 00:22:33.539984,imPheetus,Welyn,411742
2023-12-14 00:22:54.154576,Silithur,Panpots,708886
2023-12-14 00:22:54.154576,renniesaurus,Mendo,703130
2023-12-14 00:22:54.154576,imPheetus,Welyn,411742
2023-12-14 00:23:14.377572,Silithur,Panpots,708886
2023-12-14 00:23:14.377572,renniesaurus,Mendo,703130
2023-12-14 00:23:14.377572,imPheetus,Welyn,411742
2023-12-14 00:23:34.559935,Silithur,Panpots,708886
2023-12-14 00:23:34.559935,renniesaurus,Mendo,703130
2023-12-14 00:23:34.559935,imPheetus,Welyn,411742
2023-12-14 00:23:54.800184,Silithur,Panpots,708886
2023-12-14 00:23:54.800184,renniesaurus,Mendo,703130
2023-12-14 00:23:54.800184,imPheetus,Welyn,411742
2023-12-14 00:24:14.979563,Silithur,Panpots,708886
2023-12-14 00:24:14.979563,renniesaurus,Mendo,703130
2023-12-14 00:24:14.979563,imPheetus,Welyn,411742
2023-12-14 00:24:35.192290,Silithur,Panpots,708886
2023-12-14 00:24:35.192290,renniesaurus,Mendo,703130
2023-12-14 00:24:35.192290,imPheetus,Welyn,411742
2023-12-14 00:24:55.395767,Silithur,Panpots,708886
2023-12-14 00:24:55.395767,renniesaurus,Mendo,703130
2023-12-14 00:24:55.395767,imPheetus,Welyn,411742
2023-12-14 00:25:15.591188,Silithur,Panpots,708886
2023-12-14 00:25:15.591188,renniesaurus,Mendo,703130
2023-12-14 00:25:15.591188,imPheetus,Welyn,411742
2023-12-14 00:25:35.849478,Silithur,Panpots,708886
2023-12-14 00:25:35.849478,renniesaurus,Mendo,703130
2023-12-14 00:25:35.849478,imPheetus,Welyn,411742
2023-12-14 00:25:56.035420,Silithur,Panpots,708886
2023-12-14 00:25:56.035420,renniesaurus,Mendo,703130
2023-12-14 00:25:56.035420,imPheetus,Welyn,411742
2023-12-14 00:26:16.281119,Silithur,Panpots,708886
2023-12-14 00:26:16.281119,renniesaurus,Mendo,703130
2023-12-14 00:26:16.281119,imPheetus,Welyn,411742
2023-12-14 00:26:36.500591,Silithur,Panpots,708886
2023-12-14 00:26:36.500591,renniesaurus,Mendo,703130
2023-12-14 00:26:36.500591,imPheetus,Welyn,412876
2023-12-14 00:26:56.717023,Silithur,Panpots,708886
2023-12-14 00:26:56.717023,renniesaurus,Mendo,703130
2023-12-14 00:26:56.717023,imPheetus,Welyn,412876
2023-12-14 00:27:16.908463,Silithur,Panpots,708886
2023-12-14 00:27:16.908463,renniesaurus,Mendo,703130
2023-12-14 00:27:16.908463,imPheetus,Welyn,412876
2023-12-14 00:27:37.099159,Silithur,Panpots,708886
2023-12-14 00:27:37.099159,renniesaurus,Mendo,703130
2023-12-14 00:27:37.099159,imPheetus,Welyn,412876
2023-12-14 00:27:57.316588,Silithur,Panpots,708886
2023-12-14 00:27:57.316588,renniesaurus,Mendo,703130
2023-12-14 00:27:57.316588,imPheetus,Welyn,412876
2023-12-14 00:28:17.510741,Silithur,Panpots,708886
2023-12-14 00:28:17.510741,renniesaurus,Mendo,703130
2023-12-14 00:28:17.510741,imPheetus,Welyn,412876
2023-12-14 00:28:37.697968,Silithur,Panpots,708886
2023-12-14 00:28:37.697968,renniesaurus,Mendo,703130
2023-12-14 00:28:37.697968,imPheetus,Welyn,412876
2023-12-14 00:28:57.971400,Silithur,Panpots,708886
2023-12-14 00:28:57.971400,renniesaurus,Mendo,703130
2023-12-14 00:28:57.971400,imPheetus,Welyn,412876
2023-12-14 00:29:18.187347,Silithur,Panpots,708886
2023-12-14 00:29:18.187347,renniesaurus,Mendo,703130
2023-12-14 00:29:18.187347,imPheetus,Welyn,412876
2023-12-14 00:29:38.402505,Silithur,Panpots,708886
2023-12-14 00:29:38.402505,renniesaurus,Mendo,703130
2023-12-14 00:29:38.402505,imPheetus,Welyn,412876
2023-12-14 00:29:58.647731,Silithur,Panpots,708886
2023-12-14 00:29:58.647731,renniesaurus,Mendo,703130
2023-12-14 00:29:58.647731,imPheetus,Welyn,414010
2023-12-14 00:30:18.835339,Silithur,Panpots,708886
2023-12-14 00:30:18.835339,renniesaurus,Mendo,703130
2023-12-14 00:30:18.835339,imPheetus,Welyn,414010
2023-12-14 00:30:39.023597,Silithur,Panpots,708886
2023-12-14 00:30:39.023597,renniesaurus,Mendo,703130
2023-12-14 00:30:39.023597,imPheetus,Welyn,414010
2023-12-14 00:30:59.244839,Silithur,Panpots,708886
2023-12-14 00:30:59.244839,renniesaurus,Mendo,703130
2023-12-14 00:30:59.244839,imPheetus,Welyn,414010
2023-12-14 00:35:49.984905,Silithur,Panpots,708886
2023-12-14 00:35:49.984905,renniesaurus,Mendo,703130
2023-12-14 00:35:49.984905,imPheetus,Welyn,425386
2023-12-14 00:36:10.168449,Silithur,Panpots,710146
2023-12-14 00:36:10.168449,renniesaurus,Mendo,703130
2023-12-14 00:36:10.168449,imPheetus,Welyn,425386
2023-12-14 00:36:30.357009,Silithur,Panpots,710146
2023-12-14 00:36:30.357009,renniesaurus,Mendo,703130
2023-12-14 00:36:30.357009,imPheetus,Welyn,425386
2023-12-14 00:36:50.546191,Silithur,Panpots,710146
2023-12-14 00:36:50.546191,renniesaurus,Mendo,703130
2023-12-14 00:36:50.546191,imPheetus,Welyn,425386
2023-12-14 00:37:10.855170,Silithur,Panpots,710146
2023-12-14 00:37:10.855170,renniesaurus,Mendo,703130
2023-12-14 00:37:10.855170,imPheetus,Welyn,425386
2023-12-14 00:37:31.073154,Silithur,Panpots,710146
2023-12-14 00:37:31.073154,renniesaurus,Mendo,703130
2023-12-14 00:37:31.073154,imPheetus,Welyn,425386
2023-12-14 00:37:51.291451,Silithur,Panpots,710146
2023-12-14 00:37:51.291451,renniesaurus,Mendo,703130
2023-12-14 00:37:51.291451,imPheetus,Welyn,425386
2023-12-14 00:38:11.503802,Silithur,Panpots,710146
2023-12-14 00:38:11.503802,renniesaurus,Mendo,703130
2023-12-14 00:38:11.503802,imPheetus,Welyn,429958
2023-12-14 00:38:31.731302,Silithur,Panpots,713086
2023-12-14 00:38:31.731302,renniesaurus,Mendo,703130
2023-12-14 00:38:31.731302,imPheetus,Welyn,435680
2023-12-14 00:38:51.913842,Silithur,Panpots,715606
2023-12-14 00:38:51.913842,renniesaurus,Mendo,703130
2023-12-14 00:38:51.913842,imPheetus,Welyn,435680
2023-12-14 00:39:12.168156,Silithur,Panpots,715606
2023-12-14 00:39:12.168156,renniesaurus,Mendo,703130
2023-12-14 00:39:12.168156,imPheetus,Welyn,441382
2023-12-14 00:39:32.360461,Silithur,Panpots,716866
2023-12-14 00:39:32.360461,renniesaurus,Mendo,703130
2023-12-14 00:39:32.360461,imPheetus,Welyn,441382
2023-12-14 00:39:52.568155,Silithur,Panpots,716866
2023-12-14 00:39:52.568155,renniesaurus,Mendo,703130
2023-12-14 00:39:52.568155,imPheetus,Welyn,441382
2023-12-14 00:40:12.757048,Silithur,Panpots,716866
2023-12-14 00:40:12.757048,renniesaurus,Mendo,703130
2023-12-14 00:40:12.757048,imPheetus,Welyn,441382
2023-12-14 00:40:32.951036,Silithur,Panpots,716866
2023-12-14 00:40:32.951036,renniesaurus,Mendo,703130
2023-12-14 00:40:32.951036,imPheetus,Welyn,441382
2023-12-14 00:40:53.162306,Silithur,Panpots,716866
2023-12-14 00:40:53.162306,renniesaurus,Mendo,703130
2023-12-14 00:40:53.162306,imPheetus,Welyn,441382
2023-12-14 00:41:14.565328,Silithur,Panpots,716866
2023-12-14 00:41:14.565328,renniesaurus,Mendo,703130
2023-12-14 00:41:14.565328,imPheetus,Welyn,441382
2023-12-14 00:41:34.745087,Silithur,Panpots,716866
2023-12-14 00:41:34.745087,renniesaurus,Mendo,703130
2023-12-14 00:41:34.745087,imPheetus,Welyn,441382
2023-12-14 00:41:54.979781,Silithur,Panpots,716866
2023-12-14 00:41:54.979781,renniesaurus,Mendo,703130
2023-12-14 00:41:54.979781,imPheetus,Welyn,441382
2023-12-14 00:42:15.162114,Silithur,Panpots,716866
2023-12-14 00:42:15.162114,renniesaurus,Mendo,703130
2023-12-14 00:42:15.162114,imPheetus,Welyn,441382
2023-12-14 00:42:35.358308,Silithur,Panpots,716866
2023-12-14 00:42:35.358308,renniesaurus,Mendo,703130
2023-12-14 00:42:35.358308,imPheetus,Welyn,441382
2023-12-14 00:42:55.580528,Silithur,Panpots,716866
2023-12-14 00:42:55.580528,renniesaurus,Mendo,703130
2023-12-14 00:42:55.580528,imPheetus,Welyn,441382
2023-12-14 00:43:15.769272,Silithur,Panpots,716866
2023-12-14 00:43:15.769272,renniesaurus,Mendo,703130
2023-12-14 00:43:15.769272,imPheetus,Welyn,441382
2023-12-14 00:43:35.981145,Silithur,Panpots,716866
2023-12-14 00:43:35.981145,renniesaurus,Mendo,703130
2023-12-14 00:43:35.981145,imPheetus,Welyn,441382
2023-12-14 00:43:56.188757,Silithur,Panpots,716866
2023-12-14 00:43:56.188757,renniesaurus,Mendo,703130
2023-12-14 00:43:56.188757,imPheetus,Welyn,441382
2023-12-14 00:44:16.402671,Silithur,Panpots,716866
2023-12-14 00:44:16.402671,renniesaurus,Mendo,703130
2023-12-14 00:44:16.402671,imPheetus,Welyn,441382
2023-12-14 00:44:41.334678,Silithur,Panpots,716866
2023-12-14 00:44:41.334678,renniesaurus,Mendo,703130
2023-12-14 00:44:41.334678,imPheetus,Welyn,441382
2023-12-14 00:45:01.552790,Silithur,Panpots,720566
2023-12-14 00:45:01.552790,renniesaurus,Mendo,703130
2023-12-14 00:45:01.552790,imPheetus,Welyn,441382
2023-12-14 00:45:21.767082,Silithur,Panpots,721826
2023-12-14 00:45:21.767082,renniesaurus,Mendo,703130
2023-12-14 00:45:21.767082,imPheetus,Welyn,441382
2023-12-14 00:45:42.001049,Silithur,Panpots,721826
2023-12-14 00:45:42.001049,renniesaurus,Mendo,703130
2023-12-14 00:45:42.001049,imPheetus,Welyn,441382
2023-12-14 00:46:02.207866,Silithur,Panpots,721826
2023-12-14 00:46:02.207866,renniesaurus,Mendo,703130
2023-12-14 00:46:02.207866,imPheetus,Welyn,441382
2023-12-14 00:46:22.422925,Silithur,Panpots,721826
2023-12-14 00:46:22.422925,renniesaurus,Mendo,703130
2023-12-14 00:46:22.422925,imPheetus,Welyn,441382
2023-12-14 00:46:42.633354,Silithur,Panpots,721826
2023-12-14 00:46:42.633354,renniesaurus,Mendo,703130
2023-12-14 00:46:42.633354,imPheetus,Welyn,441382
2023-12-14 00:47:02.820587,Silithur,Panpots,721826
2023-12-14 00:47:02.820587,renniesaurus,Mendo,703130
2023-12-14 00:47:02.820587,imPheetus,Welyn,441382
2023-12-14 00:47:23.035964,Silithur,Panpots,721826
2023-12-14 00:47:23.035964,renniesaurus,Mendo,703130
2023-12-14 00:47:23.035964,imPheetus,Welyn,441382
2023-12-14 00:47:43.229914,Silithur,Panpots,721826
2023-12-14 00:47:43.229914,renniesaurus,Mendo,703130
2023-12-14 00:47:43.229914,imPheetus,Welyn,441382
2023-12-14 00:48:03.423221,Silithur,Panpots,721826
2023-12-14 00:48:03.423221,renniesaurus,Mendo,703130
2023-12-14 00:48:03.423221,imPheetus,Welyn,441382
2023-12-14 00:48:23.639525,Silithur,Panpots,721826
2023-12-14 00:48:23.639525,renniesaurus,Mendo,703130
2023-12-14 00:48:23.639525,imPheetus,Welyn,441382
2023-12-14 00:48:43.942198,Silithur,Panpots,721826
2023-12-14 00:48:43.942198,renniesaurus,Mendo,703130
2023-12-14 00:48:43.942198,imPheetus,Welyn,441382
2023-12-14 00:49:04.259293,Silithur,Panpots,724346
2023-12-14 00:49:04.259293,renniesaurus,Mendo,703130
2023-12-14 00:49:04.259293,imPheetus,Welyn,441382
2023-12-14 00:49:24.443900,Silithur,Panpots,725606
2023-12-14 00:49:24.443900,renniesaurus,Mendo,703130
2023-12-14 00:49:24.443900,imPheetus,Welyn,443650
2023-12-14 00:49:44.646985,Silithur,Panpots,727286
2023-12-14 00:49:44.646985,renniesaurus,Mendo,703130
2023-12-14 00:49:44.646985,imPheetus,Welyn,443650
2023-12-14 00:50:04.854256,Silithur,Panpots,727286
2023-12-14 00:50:04.854256,renniesaurus,Mendo,703130
2023-12-14 00:50:04.854256,imPheetus,Welyn,443650
2023-12-14 00:50:25.090312,Silithur,Panpots,727286
2023-12-14 00:50:25.090312,renniesaurus,Mendo,703130
2023-12-14 00:50:25.090312,imPheetus,Welyn,443650
2023-12-14 00:50:50.086157,Silithur,Panpots,727286
2023-12-14 00:50:50.086157,renniesaurus,Mendo,703130
2023-12-14 00:50:50.086157,imPheetus,Welyn,443650
2023-12-14 00:51:18.140235,Silithur,Panpots,727286
2023-12-14 00:51:18.140235,renniesaurus,Mendo,703130
2023-12-14 00:51:18.140235,imPheetus,Welyn,448186
2023-12-14 00:51:38.329155,Silithur,Panpots,727286
2023-12-14 00:51:38.329155,renniesaurus,Mendo,703130
2023-12-14 00:51:38.329155,imPheetus,Welyn,448186
2023-12-14 00:51:58.543756,Silithur,Panpots,727286
2023-12-14 00:51:58.543756,renniesaurus,Mendo,703130
2023-12-14 00:51:58.543756,imPheetus,Welyn,448186
2023-12-14 00:52:18.730731,Silithur,Panpots,727286
2023-12-14 00:52:18.730731,renniesaurus,Mendo,703130
2023-12-14 00:52:18.730731,imPheetus,Welyn,448186
2023-12-14 00:52:38.948766,Silithur,Panpots,727286
2023-12-14 00:52:38.948766,renniesaurus,Mendo,703130
2023-12-14 00:52:38.948766,imPheetus,Welyn,448186
2023-12-14 00:52:59.145835,Silithur,Panpots,727286
2023-12-14 00:52:59.145835,renniesaurus,Mendo,703130
2023-12-14 00:52:59.145835,imPheetus,Welyn,448186
2023-12-14 00:53:19.347706,Silithur,Panpots,727286
2023-12-14 00:53:19.347706,renniesaurus,Mendo,703130
2023-12-14 00:53:19.347706,imPheetus,Welyn,448186
2023-12-14 00:53:45.925759,Silithur,Panpots,729806
2023-12-14 00:53:45.925759,renniesaurus,Mendo,703130
2023-12-14 00:53:45.925759,imPheetus,Welyn,448186
2023-12-14 00:54:15.356794,Silithur,Panpots,731066
2023-12-14 00:54:15.356794,renniesaurus,Mendo,703130
2023-12-14 00:54:15.356794,imPheetus,Welyn,448186
2023-12-14 00:54:46.359593,Silithur,Panpots,731066
2023-12-14 00:54:46.359593,renniesaurus,Mendo,718808
2023-12-14 00:54:46.359593,imPheetus,Welyn,448186
2023-12-14 00:55:31.362282,Silithur,Panpots,731066
2023-12-14 00:55:31.362282,renniesaurus,Mendo,718808
2023-12-14 00:55:31.362282,imPheetus,Welyn,448186
2023-12-14 00:55:51.582801,Silithur,Panpots,731066
2023-12-14 00:55:51.582801,renniesaurus,Mendo,718808
2023-12-14 00:55:51.582801,imPheetus,Welyn,448186
2023-12-14 00:56:11.775774,Silithur,Panpots,731066
2023-12-14 00:56:11.775774,renniesaurus,Mendo,718808
2023-12-14 00:56:11.775774,imPheetus,Welyn,448186
2023-12-14 00:56:32.021366,Silithur,Panpots,731066
2023-12-14 00:56:32.021366,renniesaurus,Mendo,718808
2023-12-14 00:56:32.021366,imPheetus,Welyn,448186
2023-12-14 00:56:52.208223,Silithur,Panpots,731066
2023-12-14 00:56:52.208223,renniesaurus,Mendo,718808
2023-12-14 00:56:52.208223,imPheetus,Welyn,448186
2023-12-14 00:57:12.431541,Silithur,Panpots,731066
2023-12-14 00:57:12.431541,renniesaurus,Mendo,718808
2023-12-14 00:57:12.431541,imPheetus,Welyn,448186
2023-12-14 00:57:32.611382,Silithur,Panpots,731066
2023-12-14 00:57:32.611382,renniesaurus,Mendo,720014
2023-12-14 00:57:32.611382,imPheetus,Welyn,448186
2023-12-14 00:57:52.802834,Silithur,Panpots,731066
2023-12-14 00:57:52.802834,renniesaurus,Mendo,720014
2023-12-14 00:57:52.802834,imPheetus,Welyn,448186
2023-12-14 00:58:12.987646,Silithur,Panpots,731066
2023-12-14 00:58:12.987646,renniesaurus,Mendo,720014
2023-12-14 00:58:12.987646,imPheetus,Welyn,448186
2023-12-14 00:58:33.182710,Silithur,Panpots,731066
2023-12-14 00:58:33.182710,renniesaurus,Mendo,720014
2023-12-14 00:58:33.182710,imPheetus,Welyn,448186
2023-12-14 00:58:53.904298,Silithur,Panpots,731066
2023-12-14 00:58:53.904298,renniesaurus,Mendo,720014
2023-12-14 00:58:53.904298,imPheetus,Welyn,448186
2023-12-14 00:59:14.084758,Silithur,Panpots,731066
2023-12-14 00:59:14.084758,renniesaurus,Mendo,720014
2023-12-14 00:59:14.084758,imPheetus,Welyn,448186
2023-12-14 00:59:34.261439,Silithur,Panpots,731066
2023-12-14 00:59:34.261439,renniesaurus,Mendo,720014
2023-12-14 00:59:34.261439,imPheetus,Welyn,448186
2023-12-14 01:00:04.942207,Silithur,Panpots,731066
2023-12-14 01:00:04.942207,renniesaurus,Mendo,720014
2023-12-14 01:00:04.942207,imPheetus,Welyn,448186
2023-12-14 01:00:25.149498,Silithur,Panpots,731066
2023-12-14 01:00:25.149498,renniesaurus,Mendo,720014
2023-12-14 01:00:25.149498,imPheetus,Welyn,448186
2023-12-14 01:00:45.360342,Silithur,Panpots,731066
2023-12-14 01:00:45.360342,renniesaurus,Mendo,720014
2023-12-14 01:00:45.360342,imPheetus,Welyn,448186
2023-12-14 01:01:05.639098,Silithur,Panpots,731066
2023-12-14 01:01:05.639098,renniesaurus,Mendo,729106
2023-12-14 01:01:05.639098,imPheetus,Welyn,448186
2023-12-14 01:01:25.858375,renniesaurus,Mendo,732520
2023-12-14 01:01:25.858375,Silithur,Panpots,731066
2023-12-14 01:01:25.858375,imPheetus,Welyn,448186
2023-12-14 01:01:46.082676,renniesaurus,Mendo,732520
2023-12-14 01:01:46.082676,Silithur,Panpots,731066
2023-12-14 01:01:46.082676,imPheetus,Welyn,448186
2023-12-14 01:02:06.313015,renniesaurus,Mendo,732520
2023-12-14 01:02:06.313015,Silithur,Panpots,731066
2023-12-14 01:02:06.313015,imPheetus,Welyn,448186
2023-12-14 01:02:26.505496,renniesaurus,Mendo,732520
2023-12-14 01:02:26.505496,Silithur,Panpots,731066
2023-12-14 01:02:26.505496,imPheetus,Welyn,448186
2023-12-14 01:02:46.727014,renniesaurus,Mendo,732520
2023-12-14 01:02:46.727014,Silithur,Panpots,731066
2023-12-14 01:02:46.727014,imPheetus,Welyn,448186
2023-12-14 01:03:06.917101,renniesaurus,Mendo,732520
2023-12-14 01:03:06.917101,Silithur,Panpots,731066
2023-12-14 01:03:06.917101,imPheetus,Welyn,448186
2023-12-14 01:03:27.094288,renniesaurus,Mendo,732520
2023-12-14 01:03:27.094288,Silithur,Panpots,731066
2023-12-14 01:03:27.094288,imPheetus,Welyn,448186
2023-12-14 01:03:47.268481,renniesaurus,Mendo,732520
2023-12-14 01:03:47.268481,Silithur,Panpots,731066
2023-12-14 01:03:47.268481,imPheetus,Welyn,448186
2023-12-14 01:04:07.457865,renniesaurus,Mendo,732520
2023-12-14 01:04:07.457865,Silithur,Panpots,731066
2023-12-14 01:04:07.457865,imPheetus,Welyn,448186
2023-12-14 01:04:27.660935,renniesaurus,Mendo,732520
2023-12-14 01:04:27.660935,Silithur,Panpots,731066
2023-12-14 01:04:27.660935,imPheetus,Welyn,448186
2023-12-14 01:04:47.854788,renniesaurus,Mendo,732520
2023-12-14 01:04:47.854788,Silithur,Panpots,731066
2023-12-14 01:04:47.854788,imPheetus,Welyn,448186
2023-12-14 01:05:08.055197,renniesaurus,Mendo,732520
2023-12-14 01:05:08.055197,Silithur,Panpots,731066
2023-12-14 01:05:08.055197,imPheetus,Welyn,448186
2023-12-14 01:05:28.263231,renniesaurus,Mendo,732520
2023-12-14 01:05:28.263231,Silithur,Panpots,731066
2023-12-14 01:05:28.263231,imPheetus,Welyn,448186
2023-12-14 01:05:48.474715,renniesaurus,Mendo,732520
2023-12-14 01:05:48.474715,Silithur,Panpots,731066
2023-12-14 01:05:48.474715,imPheetus,Welyn,448186
2023-12-14 01:06:08.709746,renniesaurus,Mendo,732520
2023-12-14 01:06:08.709746,Silithur,Panpots,731066
2023-12-14 01:06:08.709746,imPheetus,Welyn,448186
2023-12-14 01:06:28.904525,renniesaurus,Mendo,732520
2023-12-14 01:06:28.904525,Silithur,Panpots,731066
2023-12-14 01:06:28.904525,imPheetus,Welyn,448186
2023-12-14 01:06:49.090608,renniesaurus,Mendo,732520
2023-12-14 01:06:49.090608,Silithur,Panpots,731066
2023-12-14 01:06:49.090608,imPheetus,Welyn,448186
2023-12-14 01:07:09.294276,renniesaurus,Mendo,732520
2023-12-14 01:07:09.294276,Silithur,Panpots,731066
2023-12-14 01:07:09.294276,imPheetus,Welyn,448186
2023-12-14 01:07:29.485892,renniesaurus,Mendo,732520
2023-12-14 01:07:29.485892,Silithur,Panpots,731066
2023-12-14 01:07:29.485892,imPheetus,Welyn,448186
2023-12-14 01:07:49.739447,renniesaurus,Mendo,732520
2023-12-14 01:07:49.739447,Silithur,Panpots,731066
2023-12-14 01:07:49.739447,imPheetus,Welyn,448186
2023-12-14 01:08:09.954597,renniesaurus,Mendo,732520
2023-12-14 01:08:09.954597,Silithur,Panpots,731066
2023-12-14 01:08:09.954597,imPheetus,Welyn,448186
2023-12-14 01:08:30.166532,renniesaurus,Mendo,732520
2023-12-14 01:08:30.166532,Silithur,Panpots,731066
2023-12-14 01:08:30.166532,imPheetus,Welyn,448186
2023-12-14 01:08:50.367146,renniesaurus,Mendo,732520
2023-12-14 01:08:50.367146,Silithur,Panpots,731066
2023-12-14 01:08:50.367146,imPheetus,Welyn,448186
2023-12-14 01:09:10.560794,renniesaurus,Mendo,732520
2023-12-14 01:09:10.560794,Silithur,Panpots,731066
2023-12-14 01:09:10.560794,imPheetus,Welyn,448186
2023-12-14 01:09:30.808078,renniesaurus,Mendo,732520
2023-12-14 01:09:30.808078,Silithur,Panpots,731066
2023-12-14 01:09:30.808078,imPheetus,Welyn,448186
2023-12-14 01:09:51.002046,renniesaurus,Mendo,732520
2023-12-14 01:09:51.002046,Silithur,Panpots,731066
2023-12-14 01:09:51.002046,imPheetus,Welyn,448186
2023-12-14 01:10:11.200901,renniesaurus,Mendo,732520
2023-12-14 01:10:11.200901,Silithur,Panpots,731066
2023-12-14 01:10:11.200901,imPheetus,Welyn,448186
2023-12-14 01:10:31.421314,renniesaurus,Mendo,732520
2023-12-14 01:10:31.421314,Silithur,Panpots,731066
2023-12-14 01:10:31.421314,imPheetus,Welyn,448186
2023-12-14 01:10:51.607720,renniesaurus,Mendo,732520
2023-12-14 01:10:51.607720,Silithur,Panpots,731066
2023-12-14 01:10:51.607720,imPheetus,Welyn,448186
2023-12-14 01:11:11.822308,renniesaurus,Mendo,732520
2023-12-14 01:11:11.822308,Silithur,Panpots,731066
2023-12-14 01:11:11.822308,imPheetus,Welyn,448186
2023-12-14 01:11:32.038699,renniesaurus,Mendo,732520
2023-12-14 01:11:32.038699,Silithur,Panpots,731066
2023-12-14 01:11:32.038699,imPheetus,Welyn,448186
2023-12-14 01:11:52.241232,renniesaurus,Mendo,732520
2023-12-14 01:11:52.241232,Silithur,Panpots,731066
2023-12-14 01:11:52.241232,imPheetus,Welyn,448186
2023-12-14 01:12:12.428631,renniesaurus,Mendo,732520
2023-12-14 01:12:12.428631,Silithur,Panpots,731066
2023-12-14 01:12:12.428631,imPheetus,Welyn,448186
2023-12-14 01:12:32.610403,renniesaurus,Mendo,732520
2023-12-14 01:12:32.610403,Silithur,Panpots,731066
2023-12-14 01:12:32.610403,imPheetus,Welyn,448186
2023-12-14 01:12:52.939414,renniesaurus,Mendo,732520
2023-12-14 01:12:52.939414,Silithur,Panpots,731066
2023-12-14 01:12:52.939414,imPheetus,Welyn,448186
2023-12-14 01:13:13.167369,renniesaurus,Mendo,732520
2023-12-14 01:13:13.167369,Silithur,Panpots,731066
2023-12-14 01:13:13.167369,imPheetus,Welyn,448186
2023-12-14 01:13:33.357022,renniesaurus,Mendo,732520
2023-12-14 01:13:33.357022,Silithur,Panpots,731066
2023-12-14 01:13:33.357022,imPheetus,Welyn,448186
2023-12-14 01:13:53.543485,renniesaurus,Mendo,732520
2023-12-14 01:13:53.543485,Silithur,Panpots,731066
2023-12-14 01:13:53.543485,imPheetus,Welyn,448186
2023-12-14 01:14:13.740320,renniesaurus,Mendo,732520
2023-12-14 01:14:13.740320,Silithur,Panpots,731066
2023-12-14 01:14:13.740320,imPheetus,Welyn,448186
2023-12-14 01:14:33.963352,renniesaurus,Mendo,732520
2023-12-14 01:14:33.963352,Silithur,Panpots,731066
2023-12-14 01:14:33.963352,imPheetus,Welyn,448186
2023-12-14 01:14:54.175686,renniesaurus,Mendo,732520
2023-12-14 01:14:54.175686,Silithur,Panpots,731066
2023-12-14 01:14:54.175686,imPheetus,Welyn,448186
2023-12-14 01:15:14.352269,renniesaurus,Mendo,732520
2023-12-14 01:15:14.352269,Silithur,Panpots,731066
2023-12-14 01:15:14.352269,imPheetus,Welyn,448186
2023-12-14 01:15:34.547122,renniesaurus,Mendo,732520
2023-12-14 01:15:34.547122,Silithur,Panpots,731066
2023-12-14 01:15:34.547122,imPheetus,Welyn,448186
2023-12-14 01:15:54.731395,renniesaurus,Mendo,732520
2023-12-14 01:15:54.731395,Silithur,Panpots,731066
2023-12-14 01:15:54.731395,imPheetus,Welyn,448186
2023-12-14 01:16:14.976236,renniesaurus,Mendo,732520
2023-12-14 01:16:14.976236,Silithur,Panpots,731066
2023-12-14 01:16:14.976236,imPheetus,Welyn,448186
2023-12-14 01:16:35.166790,renniesaurus,Mendo,732520
2023-12-14 01:16:35.166790,Silithur,Panpots,731066
2023-12-14 01:16:35.166790,imPheetus,Welyn,448186
2023-12-14 01:16:55.393424,renniesaurus,Mendo,732520
2023-12-14 01:16:55.393424,Silithur,Panpots,731066
2023-12-14 01:16:55.393424,imPheetus,Welyn,448186
2023-12-14 01:17:15.604668,renniesaurus,Mendo,732520
2023-12-14 01:17:15.604668,Silithur,Panpots,731066
2023-12-14 01:17:15.604668,imPheetus,Welyn,448186
2023-12-14 01:17:35.782552,renniesaurus,Mendo,732520
2023-12-14 01:17:35.782552,Silithur,Panpots,731066
2023-12-14 01:17:35.782552,imPheetus,Welyn,448186
2023-12-14 01:17:55.975644,renniesaurus,Mendo,732520
2023-12-14 01:17:55.975644,Silithur,Panpots,731066
2023-12-14 01:17:55.975644,imPheetus,Welyn,448186
2023-12-14 01:18:16.154851,renniesaurus,Mendo,732520
2023-12-14 01:18:16.154851,Silithur,Panpots,731066
2023-12-14 01:18:16.154851,imPheetus,Welyn,448186
2023-12-14 01:18:36.338340,renniesaurus,Mendo,732520
2023-12-14 01:18:36.338340,Silithur,Panpots,731066
2023-12-14 01:18:36.338340,imPheetus,Welyn,448186
2023-12-14 01:18:56.518763,renniesaurus,Mendo,732520
2023-12-14 01:18:56.518763,Silithur,Panpots,731066
2023-12-14 01:18:56.518763,imPheetus,Welyn,448186
2023-12-14 01:19:16.702258,renniesaurus,Mendo,732520
2023-12-14 01:19:16.702258,Silithur,Panpots,731066
2023-12-14 01:19:16.702258,imPheetus,Welyn,448186
2023-12-14 01:19:36.913471,renniesaurus,Mendo,732520
2023-12-14 01:19:36.913471,Silithur,Panpots,731066
2023-12-14 01:19:36.913471,imPheetus,Welyn,448186
2023-12-14 01:19:57.188945,renniesaurus,Mendo,732520
2023-12-14 01:19:57.188945,Silithur,Panpots,731066
2023-12-14 01:19:57.188945,imPheetus,Welyn,448186
2023-12-14 01:20:17.372971,renniesaurus,Mendo,732520
2023-12-14 01:20:17.372971,Silithur,Panpots,731066
2023-12-14 01:20:17.372971,imPheetus,Welyn,448186
2023-12-14 01:20:37.580169,renniesaurus,Mendo,732520
2023-12-14 01:20:37.580169,Silithur,Panpots,731066
2023-12-14 01:20:37.580169,imPheetus,Welyn,448186
2023-12-14 01:20:58.600534,renniesaurus,Mendo,732520
2023-12-14 01:20:58.600534,Silithur,Panpots,731066
2023-12-14 01:20:58.600534,imPheetus,Welyn,448186
2023-12-14 01:21:26.023866,renniesaurus,Mendo,732520
2023-12-14 01:21:26.023866,Silithur,Panpots,731066
2023-12-14 01:21:26.023866,imPheetus,Welyn,448186
2023-12-14 01:22:03.761466,renniesaurus,Mendo,732520
2023-12-14 01:22:03.761466,Silithur,Panpots,731066
2023-12-14 01:22:03.761466,imPheetus,Welyn,448186
2023-12-14 01:22:23.968124,renniesaurus,Mendo,732520
2023-12-14 01:22:23.968124,Silithur,Panpots,731066
2023-12-14 01:22:23.968124,imPheetus,Welyn,448186
2023-12-14 01:22:44.178381,renniesaurus,Mendo,732520
2023-12-14 01:22:44.178381,Silithur,Panpots,731066
2023-12-14 01:22:44.178381,imPheetus,Welyn,448186
2023-12-14 01:23:04.366517,renniesaurus,Mendo,732520
2023-12-14 01:23:04.366517,Silithur,Panpots,731066
2023-12-14 01:23:04.366517,imPheetus,Welyn,448186
2023-12-14 01:23:24.549920,renniesaurus,Mendo,732520
2023-12-14 01:23:24.549920,Silithur,Panpots,731066
2023-12-14 01:23:24.549920,imPheetus,Welyn,448186
2023-12-14 01:23:44.751787,renniesaurus,Mendo,732520
2023-12-14 01:23:44.751787,Silithur,Panpots,731066
2023-12-14 01:23:44.751787,imPheetus,Welyn,448186
2023-12-14 01:24:04.964410,renniesaurus,Mendo,732520
2023-12-14 01:24:04.964410,Silithur,Panpots,731066
2023-12-14 01:24:04.964410,imPheetus,Welyn,448186
2023-12-14 01:24:25.153220,renniesaurus,Mendo,732520
2023-12-14 01:24:25.153220,Silithur,Panpots,731066
2023-12-14 01:24:25.153220,imPheetus,Welyn,448186
2023-12-14 01:24:45.413511,renniesaurus,Mendo,732520
2023-12-14 01:24:45.413511,Silithur,Panpots,731066
2023-12-14 01:24:45.413511,imPheetus,Welyn,448186
2023-12-14 01:25:17.343491,renniesaurus,Mendo,732520
2023-12-14 01:25:17.343491,Silithur,Panpots,731066
2023-12-14 01:25:17.343491,imPheetus,Welyn,448186
2023-12-14 01:25:47.337240,renniesaurus,Mendo,732520
2023-12-14 01:25:47.337240,Silithur,Panpots,731066
2023-12-14 01:25:47.337240,imPheetus,Welyn,448186
2023-12-14 01:26:17.320649,renniesaurus,Mendo,732520
2023-12-14 01:26:17.320649,Silithur,Panpots,731066
2023-12-14 01:26:17.320649,imPheetus,Welyn,448186
2023-12-14 01:26:47.353561,renniesaurus,Mendo,732520
2023-12-14 01:26:47.353561,Silithur,Panpots,731066
2023-12-14 01:26:47.353561,imPheetus,Welyn,448186
2023-12-14 01:27:17.335991,renniesaurus,Mendo,732520
2023-12-14 01:27:17.335991,Silithur,Panpots,731066
2023-12-14 01:27:17.335991,imPheetus,Welyn,448186
2023-12-14 01:27:47.330378,renniesaurus,Mendo,732520
2023-12-14 01:27:47.330378,Silithur,Panpots,731066
2023-12-14 01:27:47.330378,imPheetus,Welyn,448186
2023-12-14 01:28:17.324569,renniesaurus,Mendo,732520
2023-12-14 01:28:17.324569,Silithur,Panpots,731066
2023-12-14 01:28:17.324569,imPheetus,Welyn,448186
2023-12-14 01:28:47.328333,renniesaurus,Mendo,732520
2023-12-14 01:28:47.328333,Silithur,Panpots,731066
2023-12-14 01:28:47.328333,imPheetus,Welyn,448186
2023-12-14 01:29:17.330654,renniesaurus,Mendo,732520
2023-12-14 01:29:17.330654,Silithur,Panpots,731066
2023-12-14 01:29:17.330654,imPheetus,Welyn,448186
2023-12-14 01:29:47.332413,renniesaurus,Mendo,732520
2023-12-14 01:29:47.332413,Silithur,Panpots,731066
2023-12-14 01:29:47.332413,imPheetus,Welyn,448186
2023-12-14 01:30:17.322897,renniesaurus,Mendo,732520
2023-12-14 01:30:17.322897,Silithur,Panpots,731066
2023-12-14 01:30:17.322897,imPheetus,Welyn,448186
2023-12-14 01:30:47.334460,renniesaurus,Mendo,732520
2023-12-14 01:30:47.334460,Silithur,Panpots,731066
2023-12-14 01:30:47.334460,imPheetus,Welyn,448186
2023-12-14 01:31:17.349790,renniesaurus,Mendo,732520
2023-12-14 01:31:17.349790,Silithur,Panpots,731066
2023-12-14 01:31:17.349790,imPheetus,Welyn,448186
2023-12-14 01:31:47.338543,renniesaurus,Mendo,732520
2023-12-14 01:31:47.338543,Silithur,Panpots,731066
2023-12-14 01:31:47.338543,imPheetus,Welyn,448186
2023-12-14 01:32:17.353431,renniesaurus,Mendo,732520
2023-12-14 01:32:17.353431,Silithur,Panpots,731066
2023-12-14 01:32:17.353431,imPheetus,Welyn,448186
2023-12-14 01:32:47.315876,renniesaurus,Mendo,732520
2023-12-14 01:32:47.315876,Silithur,Panpots,731066
2023-12-14 01:32:47.315876,imPheetus,Welyn,448186
2023-12-14 01:33:17.333456,renniesaurus,Mendo,732520
2023-12-14 01:33:17.333456,Silithur,Panpots,731106
2023-12-14 01:33:17.333456,imPheetus,Welyn,448186
2023-12-14 01:33:47.363117,renniesaurus,Mendo,732520
2023-12-14 01:33:47.363117,Silithur,Panpots,731106
2023-12-14 01:33:47.363117,imPheetus,Welyn,448186
